Job_ID,Alumni_ID,Employer_ID,Role,Technology,Job_Portal,Salary_USD,Start_Date
1,557,194,SDET,"AWS, Snowflake",Indeed,108717,2021-06-28
2,887,243,QA Engineer,"R, Python",Campus Career Fair,85379,2024-10-08
3,957,503,Salesforce Developer,"R, JavaScript",Glassdoor,106451,2018-07-06
4,337,625,QA Engineer,"Spark, .NET, Python",Referral,72334,2020-10-26
5,609,659,Software Engineer,".NET, Spark, R",Campus Career Fair,74819,2025-11-23
6,402,759,Salesforce Developer,C++,Campus Career Fair,107480,2021-07-14
7,855,27,QA Engineer,Python,Campus Career Fair,78777,2020-02-22
8,635,9,Software Engineer,"Spark, Tableau, JavaScript",Company Site,103478,2021-03-16
9,662,413,ML Engineer,"JavaScript, R",Campus Career Fair,107763,2024-06-06
10,392,265,ML Engineer,Docker,Company Site,79205,2025-05-09
11,313,917,Security Analyst,"Azure, Docker, Java",Glassdoor,123754,2019-07-19
12,961,208,Salesforce Developer,Python,LinkedIn,102616,2023-02-18
13,588,577,Security Analyst,React,Handshake,108676,2020-08-11
14,500,519,Product Manager,"React, Java, Python",Referral,102558,2023-01-13
15,973,784,Data Analyst,"Azure, GCP, Salesforce",Glassdoor,91563,2024-04-01
16,835,690,Data Engineer,"Tableau, Python, .NET",Indeed,83166,2023-12-26
17,190,478,Data Analyst,Tableau,Glassdoor,72325,2020-03-01
18,997,754,Software Engineer,"Hadoop, Salesforce",LinkedIn,81970,2023-08-06
19,900,187,SDET,"GCP, Salesforce, C++",Company Site,128452,2025-03-28
20,363,769,Data Engineer,".NET, Azure",Company Site,81297,2022-01-31
21,11,560,Data Analyst,"JavaScript, Kubernetes",LinkedIn,99442,2022-05-09
22,79,223,Software Engineer,".NET, AWS, GCP",Campus Career Fair,128229,2023-04-03
23,382,711,QA Engineer,Salesforce,Indeed,99100,2025-12-30
24,149,504,Software Engineer,"R, Node.js",Indeed,78151,2021-10-25
25,585,627,DevOps Engineer,AWS,Referral,76893,2024-01-10
26,654,660,Data Engineer,SQL,Handshake,91260,2019-07-19
27,779,270,Software Engineer,Node.js,Glassdoor,102689,2020-04-26
28,628,651,Data Analyst,"Python, Power BI, Azure",Handshake,51503,2022-07-09
29,43,323,Data Analyst,"Snowflake, .NET",Company Site,95504,2025-04-26
30,543,230,DevOps Engineer,Python,Referral,92118,2017-08-15
31,144,693,QA Engineer,SQL,Indeed,120173,2025-11-21
32,899,727,Salesforce Developer,"SQL, Spark",Company Site,98263,2016-02-14
33,738,345,ML Engineer,AWS,LinkedIn,93004,2020-01-01
34,168,240,Salesforce Developer,JavaScript,Indeed,111370,2022-10-10
35,9,382,Security Analyst,SQL,Referral,98935,2021-06-17
36,67,675,ML Engineer,"Node.js, Java, Tableau",Handshake,110769,2024-04-14
37,294,824,Business Analyst,"Hadoop, Tableau",LinkedIn,97025,2021-11-06
38,958,268,Data Engineer,AWS,Referral,110798,2023-05-07
39,613,519,Data Analyst,"Kubernetes, SQL",Company Site,104600,2025-03-20
40,150,895,Salesforce Developer,"JavaScript, React",Glassdoor,65086,2025-05-15
41,395,823,QA Engineer,"Node.js, Python",Indeed,124691,2019-05-21
42,812,540,Security Analyst,Hadoop,LinkedIn,109906,2018-10-25
43,997,577,SDET,"Tableau, Docker",Campus Career Fair,75074,2024-08-09
44,297,280,Product Manager,SQL,Indeed,94457,2024-06-20
45,582,23,Software Engineer,"React, Snowflake, Kubernetes",Indeed,50935,2023-11-04
46,232,72,DevOps Engineer,"Docker, GCP",Glassdoor,98717,2025-08-09
47,816,97,Product Manager,SQL,Campus Career Fair,113307,2025-07-01
48,951,579,Product Manager,"AWS, Docker",Indeed,89287,2022-10-06
49,783,546,Business Analyst,"Docker, Spark",Company Site,97122,2023-12-23
50,40,418,Software Engineer,"GCP, Docker",Campus Career Fair,77735,2022-03-07
51,970,724,Data Engineer,Kubernetes,Glassdoor,104624,2020-09-26
52,714,802,QA Engineer,"Java, GCP",Handshake,66940,2020-02-09
53,376,923,ML Engineer,"AWS, Docker, GCP",Handshake,95054,2025-07-17
54,233,796,Product Manager,"React, SQL, Hadoop",Handshake,100933,2022-12-19
55,263,696,Salesforce Developer,"Tableau, JavaScript",Indeed,101408,2022-04-05
56,968,551,QA Engineer,"SQL, Hadoop, JavaScript",Indeed,154179,2018-06-29
57,286,957,Software Engineer,Docker,Glassdoor,104266,2025-06-25
58,237,803,Business Analyst,"R, JavaScript",Referral,82742,2017-06-12
59,673,167,DevOps Engineer,"C++, Tableau",Handshake,87293,2018-06-20
60,557,708,Business Analyst,"Power BI, Docker",Company Site,95500,2025-08-11
61,132,249,SDET,Spark,Referral,60977,2022-07-01
62,749,818,ML Engineer,Java,Indeed,70231,2023-03-13
63,352,275,Salesforce Developer,"Node.js, Python, Docker",Campus Career Fair,106568,2025-07-31
64,250,578,ML Engineer,"AWS, JavaScript",LinkedIn,87088,2024-11-07
65,804,264,Data Engineer,"Tableau, Salesforce",Glassdoor,63600,2025-09-03
66,732,266,Data Analyst,Salesforce,Glassdoor,77820,2024-03-11
67,366,879,Security Analyst,C++,Campus Career Fair,106567,2025-10-03
68,806,915,QA Engineer,"JavaScript, AWS",Referral,88685,2021-09-27
69,472,993,Salesforce Developer,"C++, GCP, AWS",Glassdoor,88138,2017-07-17
70,10,286,Business Analyst,"Kubernetes, Azure, Tableau",Indeed,97083,2024-04-27
71,220,46,Data Engineer,"Salesforce, AWS, Tableau",Handshake,83521,2024-08-19
72,824,272,Product Manager,"Node.js, SQL, Spark",LinkedIn,56378,2023-06-29
73,116,5,Data Analyst,Azure,Handshake,98718,2023-04-22
74,538,513,Data Analyst,GCP,Glassdoor,107496,2025-02-26
75,198,765,DevOps Engineer,"Hadoop, R",Referral,111324,2025-11-03
76,721,652,QA Engineer,"Tableau, Java, React",Glassdoor,85024,2025-01-26
77,529,226,ML Engineer,"Kubernetes, .NET",Indeed,58641,2024-01-24
78,797,396,Software Engineer,React,Campus Career Fair,124371,2020-02-11
79,519,873,DevOps Engineer,"Python, .NET, C++",Indeed,74640,2019-11-02
80,160,481,Data Analyst,"Spark, R",LinkedIn,101602,2023-02-01
81,393,905,Data Engineer,JavaScript,Handshake,102489,2025-08-15
82,331,62,ML Engineer,Docker,LinkedIn,69827,2018-05-11
83,60,333,Business Analyst,Java,Glassdoor,65169,2024-04-29
84,206,318,Software Engineer,Salesforce,LinkedIn,94683,2025-06-01
85,486,781,Security Analyst,.NET,Indeed,111411,2024-05-29
86,94,711,SDET,"R, AWS, Node.js",Company Site,88235,2024-06-25
87,913,222,QA Engineer,"Node.js, .NET, R",Campus Career Fair,68796,2025-02-21
88,682,32,DevOps Engineer,JavaScript,LinkedIn,68423,2022-02-21
89,324,857,Data Analyst,"Kubernetes, AWS",Company Site,54867,2022-01-08
90,739,122,Data Engineer,"React, .NET",LinkedIn,114203,2020-12-31
91,344,846,Salesforce Developer,"Salesforce, Python",Handshake,72437,2024-12-10
92,727,134,DevOps Engineer,Node.js,Company Site,110943,2022-08-23
93,339,792,SDET,"Salesforce, Docker, SQL",Indeed,78519,2019-10-29
94,711,804,SDET,React,Handshake,68453,2020-02-16
95,32,902,QA Engineer,"JavaScript, Snowflake",Glassdoor,45000,2020-07-09
96,454,397,Security Analyst,"C++, SQL, Tableau",Indeed,141812,2025-04-30
97,222,119,ML Engineer,"Python, Snowflake, Power BI",Campus Career Fair,99979,2024-11-04
98,312,590,Data Engineer,"JavaScript, AWS, Tableau",LinkedIn,113737,2025-10-30
99,577,437,Product Manager,"SQL, Salesforce",Referral,74378,2024-07-21
100,227,170,SDET,"React, Docker, Azure",Company Site,62756,2022-10-08
101,798,322,Security Analyst,.NET,Glassdoor,99047,2023-11-18
102,371,223,Product Manager,Tableau,Referral,135391,2024-10-02
103,376,342,DevOps Engineer,"Java, R, React",Campus Career Fair,69919,2021-08-14
104,4,676,Salesforce Developer,"Kubernetes, React, R",Campus Career Fair,135778,2023-02-27
105,714,864,Product Manager,.NET,LinkedIn,91224,2025-02-09
106,783,458,ML Engineer,"Python, Kubernetes",LinkedIn,91949,2023-03-02
107,959,80,Product Manager,GCP,Referral,119840,2021-12-18
108,354,238,Software Engineer,GCP,Handshake,104268,2018-08-13
109,418,235,Data Analyst,"Java, Salesforce, Snowflake",Company Site,87596,2023-04-21
110,654,837,DevOps Engineer,"JavaScript, Hadoop, GCP",Campus Career Fair,81478,2018-06-12
111,153,292,Software Engineer,GCP,Referral,130915,2022-11-24
112,109,313,Security Analyst,"Tableau, Salesforce",Campus Career Fair,110904,2023-10-10
113,366,35,Security Analyst,"Power BI, GCP, Java",LinkedIn,94944,2025-08-03
114,981,101,ML Engineer,"R, Hadoop, Python",Company Site,86599,2023-01-08
115,377,928,Software Engineer,"JavaScript, Node.js",Handshake,87731,2023-11-16
116,625,585,QA Engineer,"AWS, Spark, Snowflake",Company Site,115389,2018-10-06
117,404,553,DevOps Engineer,"C++, R",Handshake,80160,2021-01-06
118,342,6,QA Engineer,"Spark, Tableau, React",Indeed,104251,2024-08-31
119,351,821,QA Engineer,"Node.js, Kubernetes, Docker",LinkedIn,133710,2018-03-15
120,60,788,SDET,"GCP, JavaScript",Company Site,104097,2023-01-17
121,996,45,DevOps Engineer,Kubernetes,Indeed,86751,2024-08-14
122,723,657,Product Manager,"C++, GCP",Handshake,77799,2025-01-26
123,954,89,Salesforce Developer,.NET,Company Site,75652,2020-06-11
124,142,794,QA Engineer,"AWS, Salesforce",Handshake,82346,2023-03-26
125,790,104,QA Engineer,"Python, R",Referral,107249,2025-06-04
126,950,152,DevOps Engineer,"Tableau, C++",Glassdoor,78174,2015-05-23
127,846,87,Salesforce Developer,"JavaScript, Node.js",Referral,75854,2023-04-10
128,693,712,QA Engineer,"AWS, JavaScript",Handshake,90876,2025-05-16
129,40,774,SDET,Power BI,Referral,115561,2023-07-14
130,415,647,SDET,"Java, React",Referral,121636,2024-06-14
131,30,258,Business Analyst,"Docker, Spark, GCP",LinkedIn,112485,2023-03-18
132,28,228,QA Engineer,Snowflake,Glassdoor,116273,2015-09-10
133,373,85,Data Engineer,"GCP, AWS",Referral,79429,2024-02-04
134,994,967,Salesforce Developer,"Azure, Java",Campus Career Fair,103157,2024-10-26
135,474,206,Software Engineer,C++,Glassdoor,65490,2024-01-01
136,791,231,Product Manager,"C++, Python, Salesforce",Referral,101410,2024-12-26
137,177,77,Data Engineer,".NET, Node.js, R",LinkedIn,105135,2020-02-01
138,434,86,Security Analyst,Azure,Glassdoor,120448,2017-07-03
139,676,696,Data Analyst,"GCP, Docker",LinkedIn,105447,2025-02-07
140,920,51,ML Engineer,Power BI,Campus Career Fair,77439,2020-07-13
141,410,685,Product Manager,Snowflake,Campus Career Fair,91622,2023-09-04
142,864,294,Product Manager,Azure,Handshake,126111,2025-03-11
143,16,556,Product Manager,Python,Indeed,119676,2024-11-01
144,611,112,Product Manager,"Tableau, Docker, Salesforce",Referral,121547,2024-03-23
145,106,414,Data Analyst,"Node.js, R",Glassdoor,112841,2022-05-27
146,722,417,Salesforce Developer,"AWS, R, Node.js",Company Site,114151,2023-10-02
147,666,934,SDET,React,LinkedIn,101073,2019-04-10
148,486,385,Data Analyst,Python,LinkedIn,91753,2024-08-23
149,405,3,Salesforce Developer,Python,Handshake,94294,2023-04-04
150,778,955,Software Engineer,"GCP, C++, Node.js",Referral,74427,2019-02-26
151,667,125,ML Engineer,Hadoop,Handshake,127044,2024-05-17
152,328,382,Product Manager,".NET, Docker, Python",Campus Career Fair,122277,2019-02-13
153,785,774,Security Analyst,"Power BI, C++",Glassdoor,97256,2022-05-17
154,995,483,Business Analyst,React,Company Site,71512,2021-05-09
155,492,62,Software Engineer,"Hadoop, Docker",LinkedIn,92359,2025-06-17
156,143,709,Data Engineer,JavaScript,Referral,71124,2021-03-16
157,183,602,Business Analyst,GCP,Glassdoor,96898,2023-11-27
158,65,280,Salesforce Developer,Hadoop,Glassdoor,100335,2025-10-27
159,940,619,Data Analyst,Salesforce,Glassdoor,113374,2024-01-19
160,56,758,QA Engineer,Power BI,Campus Career Fair,91267,2017-12-12
161,982,488,DevOps Engineer,Snowflake,Company Site,108852,2020-03-20
162,597,734,DevOps Engineer,"Hadoop, Node.js, React",Indeed,111313,2020-07-28
163,959,122,ML Engineer,"React, C++",Indeed,129339,2019-06-11
164,983,703,Product Manager,"Spark, React",Indeed,81786,2021-04-02
165,933,849,Product Manager,Python,Campus Career Fair,89312,2025-07-10
166,798,295,SDET,"Spark, GCP, Power BI",Referral,93541,2020-08-16
167,588,788,Salesforce Developer,"Salesforce, AWS, JavaScript",Indeed,80352,2015-02-03
168,999,61,ML Engineer,"JavaScript, Kubernetes",Referral,112079,2018-09-11
169,443,829,QA Engineer,"Power BI, AWS, Java",Company Site,99946,2022-11-03
170,682,102,Software Engineer,Snowflake,LinkedIn,103938,2022-01-09
171,312,863,Data Analyst,"Docker, Python, GCP",Referral,108790,2019-06-07
172,164,618,Salesforce Developer,"JavaScript, C++",Referral,105590,2018-07-25
173,78,195,Product Manager,Python,Glassdoor,93169,2023-09-09
174,23,74,QA Engineer,".NET, AWS, R",Glassdoor,81317,2020-11-04
175,758,871,Business Analyst,"React, Docker, Spark",Campus Career Fair,99110,2024-01-16
176,211,782,Salesforce Developer,"C++, .NET, AWS",LinkedIn,97739,2021-09-05
177,54,863,Data Engineer,Power BI,Company Site,129320,2022-01-08
178,367,911,Security Analyst,"JavaScript, Hadoop",Glassdoor,86394,2025-09-30
179,211,819,SDET,Snowflake,Company Site,105321,2022-03-15
180,815,550,ML Engineer,"AWS, SQL",Indeed,113174,2017-05-02
181,374,602,Product Manager,"Java, Spark, Power BI",Referral,56430,2025-01-08
182,46,769,Software Engineer,"Power BI, React",LinkedIn,92815,2024-10-07
183,806,911,DevOps Engineer,Java,LinkedIn,83593,2019-03-23
184,507,277,Software Engineer,"C++, .NET",Company Site,85920,2023-08-27
185,900,992,QA Engineer,"Java, React",Handshake,69331,2019-01-13
186,810,637,DevOps Engineer,"Tableau, SQL",Referral,90803,2020-12-28
187,819,523,Security Analyst,"Docker, Python, C++",Indeed,79566,2020-10-07
188,889,594,DevOps Engineer,Python,LinkedIn,109512,2024-10-15
189,438,172,DevOps Engineer,"Snowflake, Azure, R",Company Site,113799,2022-02-07
190,778,475,Salesforce Developer,Docker,Indeed,100152,2023-05-21
191,751,286,Data Analyst,"Tableau, Python",Indeed,82993,2024-09-08
192,98,365,ML Engineer,Python,Campus Career Fair,98636,2023-03-01
193,514,984,Salesforce Developer,"Hadoop, Spark",Glassdoor,114144,2023-05-01
194,450,329,DevOps Engineer,"Snowflake, Kubernetes, .NET",Indeed,102824,2020-05-28
195,955,662,Product Manager,Python,LinkedIn,72956,2018-03-02
196,676,313,Security Analyst,"Docker, Node.js",LinkedIn,112869,2025-05-28
197,679,118,Salesforce Developer,C++,Handshake,86002,2022-06-13
198,381,358,Salesforce Developer,"Spark, Docker, React",Company Site,126605,2019-04-21
199,951,535,Product Manager,Spark,Campus Career Fair,96836,2022-07-21
200,897,876,Business Analyst,"Snowflake, Power BI",Referral,82295,2020-04-25
201,631,66,Product Manager,"Java, C++",LinkedIn,83937,2024-06-29
202,38,584,SDET,SQL,Campus Career Fair,57924,2025-07-21
203,585,340,Business Analyst,AWS,Handshake,89751,2024-03-03
204,562,682,Software Engineer,"Salesforce, Spark",Company Site,83465,2023-11-13
205,114,941,QA Engineer,SQL,Campus Career Fair,61598,2020-12-20
206,864,283,Salesforce Developer,"Tableau, JavaScript, .NET",LinkedIn,82415,2024-08-08
207,139,350,Salesforce Developer,"Docker, SQL",Handshake,128881,2025-08-09
208,351,465,Data Analyst,"Hadoop, C++",Referral,112516,2017-09-01
209,198,306,Software Engineer,"Java, JavaScript",Indeed,64746,2021-10-13
210,201,297,Salesforce Developer,"AWS, Tableau",Handshake,74459,2020-01-18
211,618,50,Business Analyst,"Hadoop, JavaScript",Campus Career Fair,95460,2023-11-10
212,103,518,Security Analyst,"SQL, Salesforce",Indeed,74505,2023-10-02
213,875,561,Product Manager,"AWS, Salesforce, Tableau",Handshake,96048,2021-11-06
214,846,483,Security Analyst,GCP,Glassdoor,58617,2018-09-15
215,596,941,SDET,"AWS, Spark, C++",Company Site,88606,2024-03-18
216,244,133,Salesforce Developer,"C++, Tableau, Azure",Campus Career Fair,59653,2021-10-05
217,139,57,DevOps Engineer,"Power BI, R",Handshake,135802,2024-10-15
218,307,86,Business Analyst,"Docker, .NET, Java",Glassdoor,101082,2016-05-03
219,598,709,DevOps Engineer,"Spark, Salesforce, C++",Campus Career Fair,123065,2025-07-07
220,368,6,SDET,"Python, GCP",Campus Career Fair,65756,2017-12-19
221,161,740,Business Analyst,"Hadoop, SQL",Glassdoor,92930,2019-03-13
222,517,123,Data Analyst,"R, AWS",Handshake,114377,2022-06-16
223,870,370,Software Engineer,React,LinkedIn,99096,2022-01-14
224,165,926,Software Engineer,"Power BI, R",Glassdoor,94343,2022-07-06
225,339,251,SDET,R,Glassdoor,75968,2025-06-19
226,649,164,Salesforce Developer,"Snowflake, Azure, Power BI",Company Site,97388,2024-01-31
227,567,794,Software Engineer,"Tableau, SQL",Glassdoor,69278,2025-01-11
228,957,500,ML Engineer,"GCP, Spark, Azure",LinkedIn,113969,2025-11-26
229,802,212,Data Analyst,"Node.js, Salesforce, Docker",Indeed,98281,2023-04-30
230,62,851,Data Analyst,Power BI,Campus Career Fair,72357,2017-07-31
231,16,218,Product Manager,Java,Handshake,102998,2024-06-28
232,621,228,Software Engineer,"Tableau, Azure",Indeed,68952,2021-01-07
233,417,887,SDET,Spark,Glassdoor,117160,2022-05-03
234,989,394,Security Analyst,React,Indeed,101867,2023-07-06
235,826,750,DevOps Engineer,GCP,Handshake,105755,2025-12-28
236,975,292,SDET,Python,Handshake,78918,2023-01-22
237,320,104,Data Engineer,"Kubernetes, Spark, Azure",LinkedIn,99231,2025-09-21
238,902,831,Security Analyst,.NET,Indeed,72663,2015-05-24
239,472,30,Data Analyst,"Tableau, .NET, Azure",Glassdoor,100699,2019-05-18
240,296,758,DevOps Engineer,"Java, C++",Indeed,88696,2021-06-11
241,351,841,Security Analyst,"Python, JavaScript",Company Site,72396,2024-06-22
242,463,44,DevOps Engineer,Kubernetes,Glassdoor,91259,2020-03-09
243,622,362,Data Engineer,"Salesforce, Kubernetes",Referral,114312,2023-03-21
244,156,632,Security Analyst,"React, Salesforce, Hadoop",Referral,82264,2017-06-05
245,151,245,Data Analyst,"Azure, Hadoop, Salesforce",Company Site,119030,2024-11-09
246,120,651,Data Engineer,"R, Node.js",LinkedIn,105042,2024-05-12
247,950,706,SDET,"Docker, GCP, AWS",Glassdoor,88127,2023-07-23
248,527,946,Product Manager,React,Handshake,82180,2025-07-16
249,259,972,Salesforce Developer,".NET, Docker, React",Indeed,45000,2022-11-25
250,243,20,Data Engineer,"React, JavaScript",Glassdoor,124005,2015-01-31
251,325,878,DevOps Engineer,"Salesforce, JavaScript, Hadoop",LinkedIn,111623,2021-01-30
252,221,72,ML Engineer,"Python, Salesforce, Spark",Company Site,72352,2024-02-19
253,948,834,Product Manager,"Docker, Node.js",Handshake,61814,2023-12-24
254,256,845,SDET,Power BI,Campus Career Fair,78959,2022-11-29
255,457,406,Software Engineer,"Hadoop, Spark",Campus Career Fair,94593,2025-02-24
256,905,963,DevOps Engineer,"Spark, Azure",Referral,75995,2022-09-25
257,710,21,Data Engineer,"Snowflake, Salesforce, JavaScript",Company Site,77389,2017-10-25
258,830,279,Software Engineer,Azure,Handshake,91139,2017-11-26
259,186,544,Product Manager,Power BI,LinkedIn,96342,2015-12-31
260,856,378,QA Engineer,GCP,Glassdoor,89536,2021-02-07
261,699,99,ML Engineer,"SQL, Java",Company Site,69385,2024-04-22
262,626,873,Product Manager,"GCP, AWS, Node.js",Campus Career Fair,55649,2020-04-12
263,225,150,Data Engineer,"Spark, Kubernetes, .NET",Glassdoor,64187,2019-10-11
264,142,942,Software Engineer,"Java, Snowflake",Company Site,93196,2025-03-26
265,17,165,Data Analyst,"R, AWS",Indeed,74317,2018-08-13
266,22,572,Product Manager,"AWS, GCP, Node.js",Company Site,108831,2024-05-08
267,753,736,Product Manager,"Docker, Kubernetes",Campus Career Fair,84936,2024-08-02
268,341,756,ML Engineer,Snowflake,Referral,89448,2024-10-11
269,836,451,Security Analyst,React,Handshake,95231,2023-07-04
270,532,801,Business Analyst,Kubernetes,LinkedIn,70961,2024-09-23
271,292,770,Data Engineer,Docker,Handshake,86877,2018-08-07
272,962,67,QA Engineer,"Snowflake, R",Referral,94352,2023-12-05
273,563,413,Data Analyst,"SQL, Docker, Java",Handshake,96319,2023-12-08
274,371,322,Business Analyst,"Java, SQL, Hadoop",Referral,72908,2025-07-31
275,682,389,Salesforce Developer,"Hadoop, AWS, SQL",LinkedIn,83452,2023-10-04
276,689,767,Business Analyst,"C++, .NET",Campus Career Fair,90205,2024-10-24
277,315,601,Business Analyst,"Hadoop, Salesforce, C++",Handshake,111531,2019-12-15
278,753,533,Salesforce Developer,"Snowflake, C++",Campus Career Fair,85898,2024-08-21
279,952,522,Data Analyst,"Azure, Snowflake, Python",Company Site,71398,2019-03-15
280,974,489,QA Engineer,"SQL, AWS, Tableau",Indeed,94957,2025-05-10
281,801,71,ML Engineer,"Snowflake, GCP",Handshake,102066,2021-03-02
282,603,975,ML Engineer,AWS,Indeed,78922,2020-11-12
283,56,729,ML Engineer,"React, Docker",Glassdoor,95582,2019-04-27
284,243,641,Data Analyst,"Node.js, C++",Glassdoor,86251,2025-01-21
285,980,440,DevOps Engineer,R,Glassdoor,57033,2018-07-03
286,705,623,Product Manager,"Spark, C++",Campus Career Fair,94739,2025-09-25
287,153,813,Product Manager,Spark,Indeed,125947,2023-07-30
288,407,609,Data Analyst,Tableau,Indeed,74699,2024-08-06
289,371,667,Data Engineer,Power BI,Campus Career Fair,71342,2024-12-02
290,929,79,Business Analyst,"SQL, Node.js",Handshake,79410,2022-11-20
291,421,274,Product Manager,"Snowflake, Hadoop, Java",Glassdoor,97186,2025-09-23
292,52,895,Security Analyst,"GCP, Python, Docker",Campus Career Fair,63121,2025-03-19
293,323,48,Data Analyst,"SQL, R",Company Site,63755,2024-05-05
294,979,375,Salesforce Developer,"Kubernetes, Node.js",Campus Career Fair,88354,2024-10-31
295,58,215,Product Manager,"Snowflake, Spark",Campus Career Fair,75523,2021-12-07
296,704,323,Data Engineer,Salesforce,LinkedIn,86337,2020-06-07
297,274,509,Product Manager,"JavaScript, SQL, Node.js",LinkedIn,75234,2024-11-08
298,28,971,Salesforce Developer,"Docker, C++, Kubernetes",Campus Career Fair,95755,2024-10-08
299,887,667,QA Engineer,"Python, Docker",Referral,116174,2024-09-11
300,77,534,Security Analyst,"Tableau, Node.js, SQL",Indeed,98887,2024-12-02
301,713,74,Data Analyst,"Docker, SQL",LinkedIn,63574,2022-03-06
302,375,55,Data Analyst,"React, Azure",Referral,62361,2024-01-20
303,734,379,Data Analyst,"R, AWS, Salesforce",Handshake,87295,2021-05-14
304,474,450,Product Manager,"Docker, C++, Hadoop",LinkedIn,68267,2024-03-11
305,135,730,Salesforce Developer,"Hadoop, Python, React",Campus Career Fair,123694,2024-02-01
306,565,675,QA Engineer,"C++, Python",Handshake,86492,2025-05-15
307,705,839,Business Analyst,"Snowflake, Power BI, Kubernetes",Company Site,85295,2024-11-03
308,134,621,QA Engineer,"React, Salesforce",Indeed,85007,2023-01-24
309,194,916,ML Engineer,"Hadoop, C++",Handshake,65404,2021-04-09
310,26,405,DevOps Engineer,"Azure, Salesforce, .NET",Glassdoor,93493,2025-10-28
311,564,76,Software Engineer,"R, AWS, Python",Glassdoor,86937,2023-03-31
312,623,18,Software Engineer,"Docker, Tableau, Salesforce",Glassdoor,78724,2023-02-21
313,237,201,Software Engineer,".NET, SQL",LinkedIn,96331,2016-06-15
314,743,545,Salesforce Developer,"Power BI, Azure, R",Indeed,99960,2020-09-17
315,272,83,QA Engineer,Python,Company Site,100800,2024-09-25
316,309,115,QA Engineer,Kubernetes,Company Site,89153,2024-07-10
317,27,721,ML Engineer,"React, C++",Campus Career Fair,138117,2022-12-11
318,506,811,Business Analyst,"React, JavaScript, Java",Glassdoor,101816,2017-07-13
319,40,680,Data Engineer,"GCP, Snowflake",Glassdoor,106540,2022-01-16
320,159,840,Business Analyst,Power BI,LinkedIn,110462,2017-02-03
321,800,914,Data Analyst,"Python, GCP, JavaScript",LinkedIn,96038,2022-01-10
322,293,801,SDET,"AWS, .NET",Referral,78196,2023-08-27
323,849,608,DevOps Engineer,"Node.js, .NET, Power BI",Glassdoor,105662,2024-10-12
324,254,38,Data Engineer,"SQL, Kubernetes, React",Referral,45000,2024-08-02
325,199,125,Salesforce Developer,"React, R, .NET",Campus Career Fair,115384,2020-01-21
326,127,217,SDET,Tableau,Campus Career Fair,94349,2015-04-24
327,930,100,DevOps Engineer,"Azure, AWS, React",LinkedIn,72730,2020-11-06
328,810,968,Business Analyst,.NET,Indeed,104481,2019-06-15
329,576,276,Security Analyst,"Python, React",Indeed,100462,2024-05-09
330,761,250,DevOps Engineer,"GCP, Tableau, C++",Handshake,81358,2019-08-30
331,540,235,Product Manager,"Docker, C++",Campus Career Fair,106798,2023-12-17
332,978,292,QA Engineer,".NET, Snowflake, Azure",Handshake,82408,2023-01-19
333,376,163,DevOps Engineer,Kubernetes,Referral,103774,2022-06-21
334,567,617,QA Engineer,"JavaScript, Docker, Hadoop",LinkedIn,75305,2021-03-15
335,55,357,Product Manager,"AWS, C++",Campus Career Fair,52632,2024-01-03
336,935,925,Salesforce Developer,"Azure, Spark",Handshake,81191,2025-06-17
337,412,998,Security Analyst,Salesforce,Referral,114116,2020-10-22
338,180,752,Business Analyst,"Docker, Kubernetes, JavaScript",Glassdoor,103738,2022-08-05
339,866,399,Product Manager,Tableau,Glassdoor,139842,2024-02-18
340,796,225,Salesforce Developer,"Hadoop, React, Docker",Indeed,93815,2020-09-04
341,188,44,Data Engineer,Power BI,Campus Career Fair,78086,2024-03-18
342,901,322,Software Engineer,GCP,Company Site,85452,2021-09-24
343,416,937,SDET,"Azure, Kubernetes, Snowflake",LinkedIn,105299,2024-06-28
344,356,792,Product Manager,Node.js,Campus Career Fair,87801,2024-08-02
345,513,994,SDET,"Hadoop, Kubernetes, Snowflake",Indeed,93499,2020-03-06
346,884,763,Data Analyst,"Snowflake, AWS",Campus Career Fair,61538,2019-10-21
347,264,43,Security Analyst,Power BI,Glassdoor,81739,2021-03-15
348,45,198,Data Engineer,React,Indeed,111797,2020-09-18
349,957,149,ML Engineer,"SQL, Tableau, Spark",Campus Career Fair,93404,2022-12-17
350,343,332,QA Engineer,"AWS, C++",Company Site,92426,2023-09-17
351,716,303,Security Analyst,".NET, Azure",Indeed,113050,2023-08-18
352,4,532,ML Engineer,SQL,Company Site,113602,2024-02-13
353,495,685,Software Engineer,"Docker, SQL",Glassdoor,88379,2025-06-07
354,784,331,QA Engineer,"Salesforce, Azure, JavaScript",Referral,94558,2025-10-24
355,392,821,DevOps Engineer,"Java, Hadoop, AWS",Company Site,99444,2025-10-13
356,237,841,SDET,"Hadoop, AWS",Campus Career Fair,59710,2017-07-06
357,743,314,Business Analyst,"Hadoop, SQL",Campus Career Fair,127930,2022-07-15
358,315,823,Salesforce Developer,Docker,Company Site,77764,2021-12-17
359,44,188,Product Manager,"GCP, Power BI",Referral,85987,2023-12-25
360,98,908,Data Engineer,"Docker, Hadoop, SQL",Handshake,115737,2024-04-22
361,472,992,Security Analyst,"C++, Salesforce",Campus Career Fair,62471,2019-09-05
362,543,531,Data Analyst,"C++, R",Campus Career Fair,59707,2017-07-22
363,922,561,SDET,Node.js,Referral,129059,2020-11-06
364,954,765,Security Analyst,"Azure, Java",Referral,96558,2024-05-18
365,720,349,Business Analyst,Java,Indeed,113105,2017-01-23
366,29,557,Business Analyst,"Java, R",Handshake,119998,2021-05-19
367,799,338,Business Analyst,"Spark, .NET",Handshake,79130,2019-07-10
368,761,94,Business Analyst,"Salesforce, JavaScript",LinkedIn,133262,2023-05-10
369,380,161,Salesforce Developer,"SQL, Python",Referral,75879,2023-08-15
370,401,209,Business Analyst,GCP,Company Site,57818,2019-12-11
371,21,293,Product Manager,"React, Azure, GCP",Campus Career Fair,92658,2023-10-22
372,447,166,QA Engineer,"SQL, Power BI",Referral,106476,2019-07-08
373,790,287,Software Engineer,"Power BI, SQL",Handshake,121500,2024-08-25
374,51,726,DevOps Engineer,Spark,Referral,107749,2023-05-02
375,471,690,Data Analyst,Snowflake,Campus Career Fair,96046,2025-10-08
376,536,722,ML Engineer,"AWS, Docker, Hadoop",Company Site,104253,2021-09-21
377,195,796,Salesforce Developer,"C++, Spark",Glassdoor,125830,2020-12-31
378,915,897,Salesforce Developer,"Node.js, React",LinkedIn,88662,2024-11-27
379,107,76,SDET,".NET, Tableau",Company Site,119531,2019-04-30
380,852,379,SDET,C++,Handshake,97955,2025-06-13
381,195,319,Security Analyst,React,Handshake,73637,2022-01-25
382,24,7,Salesforce Developer,R,Campus Career Fair,115630,2022-11-22
383,720,67,Business Analyst,"Node.js, Power BI, React",Indeed,91764,2025-08-28
384,831,484,Business Analyst,"Azure, Kubernetes",Indeed,65192,2025-02-05
385,607,170,Security Analyst,Azure,Referral,119839,2025-08-09
386,664,502,Data Engineer,"React, Hadoop",Company Site,121034,2023-08-22
387,922,988,Security Analyst,"Snowflake, .NET",Campus Career Fair,76776,2024-05-10
388,121,633,Business Analyst,"Kubernetes, React",Glassdoor,102324,2024-01-11
389,77,618,Software Engineer,Power BI,Glassdoor,76147,2020-07-16
390,419,865,ML Engineer,"Spark, Docker",Company Site,111527,2020-12-02
391,672,705,Data Engineer,"AWS, Salesforce",Handshake,106124,2019-08-28
392,353,108,Data Analyst,"Java, JavaScript",Glassdoor,107817,2018-08-13
393,133,913,ML Engineer,GCP,Indeed,103895,2024-04-07
394,635,500,Software Engineer,"JavaScript, R, Hadoop",Company Site,103534,2022-04-06
395,162,406,ML Engineer,Power BI,Campus Career Fair,112890,2023-05-08
396,920,464,Security Analyst,"Power BI, .NET",Indeed,83474,2023-05-04
397,465,678,ML Engineer,"Node.js, C++",Indeed,78491,2024-01-31
398,139,458,Data Engineer,Snowflake,Handshake,101091,2024-12-12
399,20,19,DevOps Engineer,"Node.js, React, JavaScript",Indeed,105310,2025-12-30
400,903,525,Security Analyst,"Azure, JavaScript, Hadoop",Campus Career Fair,91403,2017-01-05
401,104,901,Business Analyst,"R, Azure",Handshake,96583,2025-01-25
402,886,541,SDET,Snowflake,Glassdoor,126172,2021-11-22
403,687,650,Product Manager,.NET,Glassdoor,83705,2024-05-27
404,471,156,Salesforce Developer,"Node.js, GCP",Glassdoor,101797,2025-06-08
405,510,909,DevOps Engineer,GCP,Indeed,105486,2015-10-19
406,205,591,Product Manager,"Node.js, C++",Glassdoor,108546,2022-12-29
407,780,132,DevOps Engineer,C++,Indeed,95663,2024-07-30
408,235,677,Salesforce Developer,"Snowflake, .NET, Spark",Company Site,119983,2022-11-04
409,466,502,Product Manager,"Java, AWS",LinkedIn,106401,2020-03-27
410,239,639,SDET,"Hadoop, Python",LinkedIn,77009,2015-09-02
411,339,437,QA Engineer,"Spark, React, Node.js",Referral,98690,2024-08-11
412,70,938,ML Engineer,".NET, AWS",Indeed,118735,2025-04-13
413,959,173,ML Engineer,Salesforce,LinkedIn,123647,2024-07-04
414,544,359,Business Analyst,GCP,Glassdoor,109382,2025-01-19
415,756,844,QA Engineer,"R, Node.js, Azure",Referral,70499,2023-11-05
416,657,468,Software Engineer,"Kubernetes, Salesforce, SQL",LinkedIn,115224,2019-07-11
417,768,374,Business Analyst,"AWS, Azure",Handshake,94131,2025-03-05
418,6,44,ML Engineer,"Python, R",Referral,86693,2025-07-11
419,908,526,Business Analyst,"Snowflake, .NET, C++",Campus Career Fair,134726,2019-09-28
420,400,854,ML Engineer,"Docker, Tableau, Salesforce",Handshake,78291,2024-09-14
421,920,616,Product Manager,"Docker, JavaScript",Campus Career Fair,116840,2020-05-08
422,623,317,SDET,"Snowflake, Kubernetes",Indeed,99664,2021-01-21
423,904,925,Product Manager,"Hadoop, Salesforce",Handshake,102553,2022-08-21
424,977,639,Security Analyst,Node.js,Indeed,77527,2023-10-31
425,347,402,Security Analyst,Docker,Campus Career Fair,103498,2016-06-15
426,552,305,Data Analyst,Docker,LinkedIn,117309,2021-08-07
427,560,456,DevOps Engineer,"AWS, C++, React",Referral,81643,2025-08-16
428,485,539,Product Manager,AWS,Campus Career Fair,95621,2025-04-06
429,493,27,Data Analyst,"Java, Salesforce, Python",Indeed,74373,2020-04-13
430,466,87,Data Analyst,"AWS, Java, Azure",Glassdoor,91759,2023-08-12
431,331,596,DevOps Engineer,"Java, C++",Campus Career Fair,130193,2021-09-13
432,866,319,DevOps Engineer,"JavaScript, C++, Python",Handshake,84331,2023-12-06
433,762,669,DevOps Engineer,"Power BI, R, C++",Company Site,112583,2023-05-15
434,305,63,SDET,"C++, Azure",Handshake,95426,2023-12-29
435,668,920,DevOps Engineer,"Snowflake, C++, React",Glassdoor,122752,2024-07-10
436,748,118,Security Analyst,"Spark, Java",LinkedIn,79910,2024-10-21
437,601,471,Salesforce Developer,"JavaScript, React, Azure",Indeed,106167,2023-03-23
438,672,88,SDET,"Java, Salesforce",Handshake,140886,2022-12-05
439,718,776,SDET,"GCP, Kubernetes",Referral,95460,2024-12-03
440,799,95,DevOps Engineer,".NET, R, Snowflake",Referral,104846,2022-09-22
441,730,301,SDET,"Spark, Docker, Power BI",Campus Career Fair,100602,2020-08-21
442,331,448,Security Analyst,Azure,Handshake,74302,2025-06-30
443,663,296,DevOps Engineer,GCP,Glassdoor,85444,2025-03-05
444,674,45,Data Engineer,"React, Docker",LinkedIn,114781,2020-01-10
445,896,373,ML Engineer,Python,Handshake,58338,2023-07-15
446,154,984,Software Engineer,Power BI,Referral,87716,2016-07-09
447,91,157,Software Engineer,"Azure, React",Referral,95473,2024-12-08
448,572,305,Software Engineer,React,Campus Career Fair,79743,2023-05-19
449,982,748,Data Analyst,"React, Azure",Company Site,88430,2021-06-06
450,367,965,QA Engineer,Java,Glassdoor,93508,2021-06-02
451,270,756,Data Analyst,".NET, Kubernetes",Referral,78783,2025-06-24
452,53,322,Business Analyst,"Java, GCP",Glassdoor,110080,2015-11-11
453,371,81,Software Engineer,SQL,LinkedIn,103893,2025-08-25
454,513,792,Salesforce Developer,Hadoop,Glassdoor,109889,2024-07-01
455,697,98,SDET,React,Glassdoor,81963,2024-11-18
456,759,776,QA Engineer,"Snowflake, Spark, GCP",LinkedIn,103271,2021-05-25
457,451,766,Data Analyst,"Java, Tableau",Company Site,101423,2023-05-10
458,775,998,Security Analyst,"Spark, Azure",Indeed,76200,2025-02-24
459,813,121,Security Analyst,"React, .NET",Campus Career Fair,75266,2017-06-22
460,413,88,QA Engineer,"Kubernetes, GCP",Company Site,87248,2018-09-14
461,386,49,Security Analyst,"Salesforce, C++, GCP",Glassdoor,70647,2023-03-24
462,170,313,Salesforce Developer,"Java, AWS",Campus Career Fair,89315,2023-03-04
463,254,94,DevOps Engineer,Salesforce,Campus Career Fair,45000,2025-12-28
464,73,790,SDET,"Docker, Node.js, Salesforce",Company Site,70954,2025-04-10
465,114,357,DevOps Engineer,"JavaScript, Power BI, Kubernetes",Campus Career Fair,111045,2019-02-21
466,433,831,SDET,.NET,Campus Career Fair,84686,2021-05-14
467,695,677,Product Manager,"Spark, JavaScript",Company Site,97117,2023-01-28
468,989,596,SDET,Power BI,Referral,67913,2018-11-01
469,971,548,Data Engineer,"C++, SQL",Company Site,69135,2018-04-10
470,489,186,SDET,"Hadoop, Snowflake",Handshake,77049,2016-06-18
471,955,567,Security Analyst,Snowflake,Referral,116489,2023-07-25
472,659,18,QA Engineer,"React, Java",Company Site,118724,2021-07-29
473,329,412,Product Manager,R,Glassdoor,115978,2020-09-28
474,411,612,Salesforce Developer,Spark,Campus Career Fair,96350,2018-11-29
475,962,817,Software Engineer,"Kubernetes, Node.js",Campus Career Fair,79756,2023-11-12
476,355,691,Data Engineer,GCP,Glassdoor,75989,2021-06-25
477,768,129,ML Engineer,"R, SQL",Campus Career Fair,81892,2024-02-19
478,755,405,QA Engineer,Snowflake,Company Site,101452,2024-05-19
479,699,59,Product Manager,"GCP, SQL",Handshake,85001,2025-09-18
480,627,277,Business Analyst,R,LinkedIn,93889,2017-11-22
481,405,350,Security Analyst,Python,LinkedIn,77587,2022-09-21
482,835,863,Product Manager,"Tableau, Kubernetes",LinkedIn,95974,2019-12-24
483,841,514,Business Analyst,Kubernetes,Campus Career Fair,97977,2020-10-18
484,963,958,Data Engineer,"Docker, React, Hadoop",Glassdoor,92145,2016-10-24
485,644,163,Business Analyst,JavaScript,Indeed,72129,2023-04-19
486,816,516,Data Analyst,"React, GCP, Salesforce",Company Site,108583,2022-12-02
487,957,425,ML Engineer,"Kubernetes, R, Docker",Handshake,66933,2020-05-10
488,623,351,Security Analyst,"GCP, C++",Referral,109658,2024-01-19
489,918,429,QA Engineer,R,LinkedIn,109953,2025-02-11
490,169,51,SDET,"Python, C++, Snowflake",Indeed,86855,2024-06-17
491,81,245,Data Engineer,Docker,Indeed,88375,2024-04-25
492,707,528,Data Engineer,"Azure, Salesforce, GCP",Campus Career Fair,46935,2023-04-10
493,516,224,SDET,Node.js,LinkedIn,90622,2020-06-20
494,419,77,DevOps Engineer,"Power BI, Python",Glassdoor,122170,2019-10-26
495,464,799,Salesforce Developer,"Spark, Salesforce",Indeed,154689,2025-02-25
496,941,513,Security Analyst,"React, Java",Campus Career Fair,97492,2015-08-30
497,277,549,QA Engineer,"Hadoop, Python, R",Handshake,75181,2020-03-27
498,731,363,Salesforce Developer,".NET, Hadoop",Campus Career Fair,88233,2019-10-04
499,946,560,QA Engineer,Tableau,Referral,106203,2021-02-24
500,788,40,Software Engineer,SQL,LinkedIn,74492,2021-06-20
501,857,231,ML Engineer,"JavaScript, .NET, Tableau",Referral,71920,2024-06-14
502,120,309,ML Engineer,"SQL, .NET",Company Site,83262,2025-09-18
503,24,237,ML Engineer,Hadoop,Glassdoor,94325,2024-10-17
504,252,985,QA Engineer,"C++, .NET",Company Site,100464,2024-11-05
505,97,118,Data Analyst,"R, Java",Handshake,74040,2025-04-27
506,869,205,QA Engineer,"AWS, .NET",LinkedIn,77396,2020-10-14
507,861,113,QA Engineer,Hadoop,Company Site,66998,2020-12-27
508,775,875,Business Analyst,GCP,LinkedIn,83125,2018-03-18
509,971,183,DevOps Engineer,"Docker, Node.js",Indeed,112622,2018-06-19
510,803,419,Security Analyst,"Spark, Java, AWS",LinkedIn,101415,2025-03-10
511,452,680,Data Engineer,"Tableau, Python",Referral,85843,2020-05-28
512,223,37,Business Analyst,Java,Company Site,129718,2024-04-04
513,361,611,Data Engineer,Docker,Referral,114001,2017-05-11
514,661,300,Data Analyst,"Salesforce, R",Company Site,94038,2023-11-03
515,535,567,QA Engineer,"C++, Docker",Indeed,97671,2024-05-18
516,222,726,ML Engineer,"Spark, Docker, React",Indeed,103796,2022-05-03
517,24,113,Product Manager,"C++, Java",Indeed,100365,2023-06-29
518,277,517,Business Analyst,"Hadoop, Node.js",Referral,98453,2021-07-20
519,454,169,Salesforce Developer,JavaScript,Indeed,97265,2021-02-05
520,798,639,Data Analyst,Snowflake,Referral,74658,2024-01-13
521,477,860,Security Analyst,"Node.js, Java, Azure",Company Site,93052,2024-11-24
522,604,912,Business Analyst,"R, SQL",Indeed,67619,2022-06-08
523,459,664,Data Analyst,Azure,Campus Career Fair,74191,2021-09-10
524,974,245,Data Analyst,"Azure, React, AWS",Company Site,116268,2019-04-04
525,818,755,Product Manager,React,Referral,107331,2018-12-15
526,916,561,Data Engineer,"React, Hadoop",Company Site,87731,2022-11-11
527,317,459,Salesforce Developer,"Hadoop, C++, Docker",Referral,84747,2022-10-22
528,225,199,Software Engineer,Java,Campus Career Fair,93312,2023-11-28
529,615,672,Software Engineer,"Azure, Node.js",Indeed,90684,2021-01-01
530,265,478,Software Engineer,Power BI,Referral,45000,2016-03-18
531,646,546,Product Manager,.NET,Company Site,78440,2019-12-13
532,736,178,ML Engineer,"React, SQL, Tableau",Company Site,88938,2024-01-07
533,223,458,Data Analyst,"Spark, C++, JavaScript",LinkedIn,98589,2025-03-30
534,568,749,Business Analyst,"React, C++, JavaScript",LinkedIn,77363,2024-12-15
535,850,686,ML Engineer,Hadoop,Indeed,87167,2025-08-22
536,705,74,DevOps Engineer,GCP,Handshake,81994,2024-04-13
537,538,406,DevOps Engineer,C++,Company Site,83902,2020-07-09
538,267,901,Salesforce Developer,R,Indeed,45000,2025-12-15
539,911,702,SDET,GCP,Campus Career Fair,96048,2015-10-27
540,777,56,DevOps Engineer,"Spark, Python, Hadoop",Handshake,115910,2024-03-05
541,851,159,ML Engineer,Spark,Campus Career Fair,59109,2025-10-30
542,656,392,Software Engineer,"Java, Kubernetes",Company Site,100364,2025-02-28
543,879,697,Product Manager,SQL,LinkedIn,90086,2024-10-17
544,295,357,SDET,"R, JavaScript, Tableau",Company Site,87036,2024-02-06
545,848,401,Data Engineer,"JavaScript, Snowflake, Docker",Company Site,85894,2025-06-06
546,300,978,ML Engineer,Tableau,LinkedIn,79513,2023-05-21
547,566,919,Product Manager,"Java, Azure",Referral,71483,2023-07-04
548,242,39,Security Analyst,"JavaScript, Spark, Salesforce",Glassdoor,98489,2025-10-15
549,517,375,DevOps Engineer,Spark,Campus Career Fair,105728,2024-08-10
550,365,238,Salesforce Developer,"R, .NET",LinkedIn,90292,2025-11-03
551,205,585,Data Engineer,"JavaScript, AWS, Node.js",Referral,109528,2023-12-02
552,519,315,ML Engineer,Snowflake,LinkedIn,99327,2023-08-21
553,325,789,SDET,C++,Handshake,92529,2025-12-26
554,755,594,Security Analyst,"SQL, Power BI",Glassdoor,97205,2022-02-12
555,424,750,SDET,Hadoop,Indeed,80969,2018-03-30
556,86,226,Software Engineer,"Salesforce, C++",Indeed,93714,2022-11-28
557,397,830,Business Analyst,Python,Company Site,116725,2019-03-09
558,515,897,Software Engineer,"Node.js, Python",Campus Career Fair,91560,2019-08-29
559,860,602,DevOps Engineer,"AWS, Node.js, Power BI",Glassdoor,101808,2023-01-16
560,831,442,Data Engineer,"Kubernetes, AWS",Glassdoor,121261,2024-09-15
561,232,841,Product Manager,Docker,Indeed,61820,2023-09-06
562,997,626,QA Engineer,"Tableau, Node.js, JavaScript",LinkedIn,97385,2024-01-17
563,95,920,SDET,"Salesforce, Python, GCP",Handshake,62995,2024-09-19
564,28,291,Product Manager,"Kubernetes, Docker",LinkedIn,85228,2015-07-20
565,694,256,Data Engineer,"Tableau, React, Spark",Campus Career Fair,97959,2023-07-02
566,612,455,Data Engineer,"AWS, React",Referral,99152,2018-10-19
567,475,543,Data Engineer,"Tableau, Python, Docker",Indeed,106995,2025-04-30
568,21,465,SDET,"Python, React, SQL",Campus Career Fair,68283,2022-04-29
569,474,80,ML Engineer,R,LinkedIn,89275,2024-08-08
570,691,445,DevOps Engineer,"Spark, Salesforce, AWS",Glassdoor,94642,2024-07-16
571,668,96,Data Engineer,"Node.js, JavaScript",Company Site,107088,2024-11-11
572,442,404,QA Engineer,"JavaScript, Kubernetes, R",Company Site,112497,2025-12-12
573,801,824,Salesforce Developer,"Power BI, React",Referral,113010,2023-07-04
574,405,610,SDET,"React, Hadoop, Java",Company Site,105391,2025-08-13
575,912,997,Business Analyst,Python,Campus Career Fair,94078,2018-08-05
576,103,668,Business Analyst,Python,Handshake,74846,2024-09-16
577,727,823,Software Engineer,"Node.js, C++, SQL",Glassdoor,94537,2019-03-30
578,338,795,Business Analyst,"Salesforce, Azure, Hadoop",Indeed,115920,2023-10-25
579,563,835,Salesforce Developer,SQL,Indeed,107864,2024-10-17
580,28,739,Data Analyst,"Azure, Snowflake, AWS",Indeed,88853,2015-08-29
581,820,469,Data Analyst,"AWS, Snowflake, C++",Campus Career Fair,112972,2017-08-21
582,598,456,Software Engineer,Power BI,Company Site,119701,2024-09-23
583,708,626,Data Engineer,"React, SQL, Salesforce",Glassdoor,137641,2021-09-19
584,907,997,Business Analyst,"JavaScript, Hadoop, .NET",Handshake,133338,2025-12-07
585,214,355,QA Engineer,"Salesforce, Node.js, C++",Company Site,113247,2024-08-24
586,127,200,Security Analyst,"C++, Python, Azure",Indeed,71429,2015-12-05
587,935,291,Data Analyst,"Kubernetes, Tableau, .NET",LinkedIn,64195,2025-01-12
588,617,676,Salesforce Developer,React,Referral,93655,2025-12-28
589,444,791,SDET,"React, Hadoop, .NET",Glassdoor,76684,2022-08-26
590,85,532,Product Manager,"C++, Power BI",Company Site,87396,2024-03-27
591,253,299,Software Engineer,".NET, Azure",LinkedIn,104902,2023-01-30
592,689,771,Data Engineer,"React, Kubernetes",Indeed,81970,2025-12-05
593,569,973,ML Engineer,"React, Tableau",Handshake,118783,2018-12-15
594,47,835,Salesforce Developer,R,Campus Career Fair,132372,2022-03-06
595,638,132,Security Analyst,Tableau,Referral,75700,2020-02-22
596,505,921,Product Manager,".NET, Azure",Referral,73316,2024-11-30
597,607,277,ML Engineer,"AWS, GCP, Node.js",Handshake,91393,2024-07-17
598,494,117,Security Analyst,GCP,Handshake,120584,2021-02-09
599,624,569,Security Analyst,Tableau,Handshake,120841,2023-04-04
600,50,715,Data Analyst,"Azure, Spark, Python",Glassdoor,58479,2022-04-22
601,577,760,DevOps Engineer,"Spark, Tableau, C++",Glassdoor,116560,2022-11-17
602,156,301,QA Engineer,JavaScript,Indeed,100445,2017-06-25
603,161,591,Security Analyst,"Tableau, Kubernetes, GCP",Referral,110266,2024-05-25
604,168,791,Software Engineer,"Power BI, Docker",Company Site,87554,2024-06-23
605,700,614,Salesforce Developer,"React, JavaScript",Indeed,116709,2025-04-10
606,226,666,Data Analyst,Tableau,Indeed,69261,2024-05-08
607,441,821,Software Engineer,"Hadoop, Kubernetes, R",LinkedIn,67194,2023-01-03
608,918,713,DevOps Engineer,"JavaScript, R, C++",Company Site,120469,2024-04-12
609,90,874,Product Manager,"Node.js, Azure",LinkedIn,83173,2025-01-07
610,410,147,Data Engineer,"Node.js, C++",Referral,142627,2022-10-22
611,7,509,Security Analyst,"Spark, GCP, Salesforce",LinkedIn,92979,2022-09-30
612,700,922,Data Analyst,"Spark, Python",Handshake,97086,2019-06-25
613,134,823,Security Analyst,"Salesforce, Snowflake, C++",Campus Career Fair,111074,2024-09-30
614,934,373,Data Engineer,Salesforce,Campus Career Fair,150982,2025-09-23
615,490,268,DevOps Engineer,C++,Company Site,81598,2023-12-10
616,520,989,Business Analyst,"AWS, SQL, JavaScript",Handshake,100382,2023-04-12
617,560,561,SDET,"React, Python",Company Site,80285,2023-08-01
618,925,547,Data Analyst,"JavaScript, AWS, Kubernetes",Indeed,95256,2025-09-24
619,429,154,Data Analyst,"Azure, Power BI, React",LinkedIn,102018,2025-03-01
620,305,474,Business Analyst,"Snowflake, SQL, Node.js",Indeed,54786,2025-07-20
621,168,861,Data Analyst,"Python, Tableau",LinkedIn,150423,2022-06-01
622,167,790,Software Engineer,"GCP, AWS",Handshake,105435,2022-03-06
623,788,716,ML Engineer,AWS,Campus Career Fair,97703,2021-11-06
624,94,668,Software Engineer,"AWS, SQL, Hadoop",Campus Career Fair,99221,2025-12-24
625,635,690,SDET,"Spark, AWS",Handshake,96527,2019-11-11
626,759,105,Product Manager,C++,Company Site,96936,2021-04-06
627,985,714,Data Analyst,"Tableau, Snowflake, SQL",Glassdoor,80357,2023-08-18
628,880,570,DevOps Engineer,"Azure, Salesforce",Glassdoor,77307,2015-07-10
629,575,859,Security Analyst,R,Handshake,102015,2024-07-09
630,363,372,Data Engineer,"Hadoop, Spark",Company Site,116224,2020-03-02
631,682,218,DevOps Engineer,Snowflake,Handshake,80849,2023-07-27
632,873,636,SDET,"C++, Java",LinkedIn,80394,2019-02-26
633,979,883,Data Analyst,"AWS, Tableau, .NET",Glassdoor,79360,2023-02-25
634,438,285,Salesforce Developer,"Snowflake, Spark",Glassdoor,83037,2023-11-05
635,26,817,ML Engineer,"Docker, Kubernetes, Python",Company Site,80194,2024-05-01
636,142,353,ML Engineer,JavaScript,LinkedIn,87054,2024-02-13
637,847,249,Business Analyst,"AWS, SQL, Kubernetes",Referral,95030,2025-05-16
638,53,996,Software Engineer,Node.js,Indeed,74835,2022-02-06
639,993,804,Data Engineer,"Hadoop, SQL, Snowflake",Handshake,96083,2023-12-03
640,614,339,Security Analyst,.NET,Campus Career Fair,92612,2025-11-18
641,447,865,ML Engineer,"Spark, AWS, Node.js",Campus Career Fair,85557,2018-03-26
642,309,969,Security Analyst,Node.js,Handshake,133719,2022-06-09
643,184,244,Product Manager,"AWS, Tableau",Referral,121803,2024-04-08
644,704,395,Salesforce Developer,"Kubernetes, Docker, Spark",Handshake,110944,2021-04-18
645,807,86,SDET,"Node.js, React, Spark",LinkedIn,45000,2023-09-29
646,625,229,Data Analyst,"Spark, Node.js",Handshake,100706,2020-09-22
647,62,226,Product Manager,"R, JavaScript, Java",Glassdoor,122465,2021-08-09
648,465,136,ML Engineer,"Spark, Hadoop, Power BI",Referral,90715,2024-06-16
649,763,393,Product Manager,Snowflake,Campus Career Fair,73023,2022-05-27
650,203,427,QA Engineer,"Docker, AWS",Handshake,101320,2021-12-22
651,158,49,Security Analyst,Azure,LinkedIn,110241,2023-04-15
652,459,883,Salesforce Developer,"Python, C++, Tableau",Handshake,86201,2024-12-13
653,530,615,DevOps Engineer,Python,Glassdoor,106303,2025-07-09
654,351,379,QA Engineer,"React, Azure, JavaScript",Handshake,49975,2022-11-25
655,994,487,Business Analyst,Java,Glassdoor,97527,2021-07-17
656,609,886,Software Engineer,C++,Handshake,122497,2023-09-07
657,199,137,Security Analyst,"Node.js, React",Handshake,130184,2023-01-21
658,200,423,Data Analyst,"SQL, Hadoop, React",LinkedIn,107822,2025-11-08
659,362,79,QA Engineer,"Tableau, R, Python",Glassdoor,127606,2020-01-18
660,858,503,QA Engineer,"Spark, SQL",Handshake,96854,2024-11-17
661,93,145,ML Engineer,Tableau,Company Site,108715,2021-04-19
662,160,409,Business Analyst,"Spark, Snowflake, Python",Glassdoor,81200,2018-03-11
663,728,818,Business Analyst,"Hadoop, JavaScript",Company Site,106244,2023-06-15
664,225,184,Business Analyst,AWS,Company Site,98838,2023-07-18
665,195,348,Security Analyst,Spark,Campus Career Fair,95966,2024-08-25
666,525,914,QA Engineer,Docker,Company Site,91636,2023-03-03
667,855,838,ML Engineer,"SQL, Salesforce, Spark",LinkedIn,122027,2025-10-07
668,526,834,SDET,"Spark, R",Referral,60904,2025-11-04
669,225,753,Data Analyst,"Snowflake, Tableau",Glassdoor,99002,2025-11-05
670,288,173,Data Analyst,"Tableau, Kubernetes",Campus Career Fair,77544,2018-02-27
671,925,622,Business Analyst,"SQL, Tableau, Node.js",Glassdoor,65850,2024-02-06
672,80,347,QA Engineer,"Azure, Node.js",Handshake,93227,2016-08-18
673,402,599,ML Engineer,"AWS, Azure, Spark",LinkedIn,78604,2024-05-05
674,615,724,Data Analyst,AWS,Referral,140388,2021-04-20
675,53,109,Software Engineer,"Power BI, Salesforce, Azure",Company Site,82736,2024-10-13
676,692,916,Business Analyst,Snowflake,Handshake,65738,2025-12-01
677,479,378,Security Analyst,"JavaScript, Power BI, .NET",Campus Career Fair,95306,2017-06-26
678,649,981,QA Engineer,"Kubernetes, Tableau, Snowflake",Referral,90176,2025-08-18
679,311,325,Data Analyst,C++,Referral,99225,2025-04-08
680,411,248,SDET,"Salesforce, Docker",Indeed,74331,2025-02-23
681,873,957,Business Analyst,Java,Company Site,70971,2022-06-04
682,543,223,Software Engineer,"JavaScript, Docker",Referral,116487,2018-06-10
683,946,981,Software Engineer,"Node.js, Java, Hadoop",Referral,115825,2023-03-31
684,643,135,Data Engineer,Spark,Indeed,113329,2023-09-10
685,791,401,Product Manager,"Azure, Spark",Handshake,98013,2024-08-07
686,679,326,SDET,Hadoop,Campus Career Fair,94938,2025-07-10
687,413,682,Product Manager,Tableau,Company Site,51606,2023-08-11
688,676,631,DevOps Engineer,Spark,Company Site,108576,2024-06-28
689,450,670,SDET,Power BI,Indeed,93882,2025-03-14
690,524,348,Data Engineer,Python,LinkedIn,72383,2021-02-11
691,119,332,QA Engineer,.NET,Campus Career Fair,84688,2016-05-27
692,507,285,SDET,"Kubernetes, Tableau",Company Site,91004,2021-12-31
693,917,263,Data Engineer,Snowflake,Glassdoor,51057,2025-08-07
694,925,732,Salesforce Developer,"Tableau, React",Referral,83094,2025-02-17
695,76,719,Data Engineer,.NET,Campus Career Fair,116231,2022-06-24
696,572,228,DevOps Engineer,C++,Referral,85165,2017-12-15
697,962,947,DevOps Engineer,"JavaScript, Tableau",LinkedIn,126601,2021-01-12
698,607,139,ML Engineer,"Snowflake, C++, Docker",LinkedIn,154021,2025-09-02
699,471,370,Data Engineer,"Salesforce, Python, JavaScript",Company Site,89425,2025-03-11
700,750,685,Security Analyst,"Spark, Node.js",LinkedIn,98474,2025-11-05
701,174,92,Security Analyst,"Java, Python, Tableau",Handshake,122452,2022-11-11
702,453,761,DevOps Engineer,"Docker, Java",Campus Career Fair,129420,2024-09-03
703,713,168,SDET,Tableau,Indeed,103127,2025-02-26
704,557,467,Business Analyst,"JavaScript, .NET, Python",Indeed,86267,2020-08-31
705,378,781,Software Engineer,"Spark, R, Hadoop",Handshake,104279,2025-07-04
706,959,877,Security Analyst,"Python, Tableau, R",Glassdoor,102857,2020-07-07
707,345,318,Data Analyst,"Azure, Node.js",Glassdoor,120037,2023-11-13
708,231,689,Salesforce Developer,"AWS, Spark",Indeed,104943,2025-08-02
709,453,439,Data Analyst,"Snowflake, Tableau",Campus Career Fair,125009,2024-05-04
710,21,441,ML Engineer,Azure,Handshake,81985,2022-09-02
711,186,723,DevOps Engineer,"GCP, Azure",Glassdoor,92842,2019-09-02
712,859,742,QA Engineer,Python,Glassdoor,117715,2022-01-06
713,367,433,Product Manager,"Azure, Tableau, C++",Referral,111327,2025-02-23
714,637,166,DevOps Engineer,"Python, .NET, Hadoop",Handshake,116114,2025-01-20
715,866,598,SDET,"JavaScript, SQL",LinkedIn,53056,2021-05-15
716,879,860,ML Engineer,"Tableau, Java, Salesforce",Referral,117298,2025-11-15
717,69,583,Business Analyst,"Snowflake, R",Campus Career Fair,131770,2021-08-10
718,292,726,Business Analyst,"Power BI, SQL, R",Handshake,98648,2017-06-26
719,637,407,Software Engineer,"Docker, Java",Company Site,103777,2025-01-09
720,451,406,Salesforce Developer,React,Campus Career Fair,74160,2020-03-27
721,292,292,Business Analyst,"Hadoop, Tableau, Java",Glassdoor,101169,2024-02-04
722,221,273,Data Analyst,Tableau,Company Site,90509,2022-05-01
723,802,111,Business Analyst,"R, AWS",Campus Career Fair,83211,2019-07-05
724,52,238,ML Engineer,Azure,Campus Career Fair,99131,2025-01-26
725,149,188,ML Engineer,"Spark, Kubernetes",Indeed,120031,2021-02-16
726,439,856,QA Engineer,"JavaScript, Spark",LinkedIn,84284,2025-06-08
727,191,903,Security Analyst,"Power BI, Spark, Snowflake",Campus Career Fair,113605,2015-08-25
728,415,409,Software Engineer,"C++, Power BI",LinkedIn,104377,2025-11-29
729,677,382,Security Analyst,"Kubernetes, Tableau",Referral,117415,2019-12-13
730,118,499,Salesforce Developer,"SQL, Docker",LinkedIn,104135,2025-06-13
731,316,338,DevOps Engineer,"Spark, Java, React",Glassdoor,112596,2023-09-04
732,551,419,Data Analyst,"R, Node.js, Java",LinkedIn,78047,2018-03-11
733,368,334,Data Analyst,GCP,Glassdoor,109166,2023-06-19
734,906,218,Data Analyst,"C++, Node.js",Campus Career Fair,73568,2022-06-07
735,261,254,Data Analyst,"Node.js, Power BI",LinkedIn,116121,2020-10-15
736,757,748,Business Analyst,"React, AWS, Python",Campus Career Fair,87818,2024-08-26
737,619,279,Data Analyst,"SQL, Azure",Indeed,124883,2024-10-20
738,353,229,Security Analyst,"C++, Python, SQL",Referral,84689,2025-07-29
739,888,500,Product Manager,"JavaScript, Java, GCP",Glassdoor,73192,2021-02-08
740,957,443,Security Analyst,"React, Salesforce, Power BI",Handshake,87417,2019-11-11
741,290,822,ML Engineer,"Azure, Node.js, Python",Referral,88685,2025-07-28
742,328,187,Business Analyst,"Java, .NET, SQL",Indeed,103657,2018-05-04
743,435,920,QA Engineer,"Java, C++, Azure",Glassdoor,94474,2024-04-12
744,807,841,Product Manager,"SQL, Python, Snowflake",Indeed,93311,2022-09-23
745,759,394,QA Engineer,"AWS, Azure, React",Handshake,103911,2024-09-03
746,616,531,SDET,"Java, C++",Handshake,95899,2021-12-25
747,894,177,Product Manager,"React, Snowflake",Handshake,94638,2023-04-12
748,305,900,Data Engineer,Salesforce,Company Site,89948,2023-02-14
749,282,209,ML Engineer,"Spark, JavaScript, .NET",Indeed,104141,2023-11-11
750,376,710,Security Analyst,"Tableau, Hadoop",LinkedIn,114559,2021-03-15
751,924,881,SDET,"Hadoop, Tableau, Java",Handshake,85836,2019-01-31
752,298,224,QA Engineer,"R, Kubernetes, Java",Campus Career Fair,78342,2016-05-16
753,991,67,Data Analyst,".NET, Spark, Python",Handshake,103223,2015-03-09
754,231,305,ML Engineer,Java,Company Site,90664,2023-07-05
755,442,299,Security Analyst,"Node.js, Python, Tableau",Company Site,105513,2023-02-13
756,599,408,Software Engineer,"Spark, R",Glassdoor,59708,2024-08-28
757,869,116,Data Analyst,"Node.js, JavaScript, Power BI",LinkedIn,55247,2023-06-28
758,893,8,Product Manager,"Snowflake, Power BI, R",Referral,76042,2019-02-22
759,780,227,Data Analyst,"Tableau, Spark, .NET",Company Site,97869,2024-04-30
760,981,484,Business Analyst,"Azure, Docker, .NET",Company Site,103404,2022-05-10
761,134,481,Salesforce Developer,"Kubernetes, AWS, React",Campus Career Fair,87345,2025-02-10
762,254,404,Security Analyst,.NET,Handshake,109533,2025-03-02
763,454,116,Business Analyst,"Kubernetes, Salesforce",Handshake,138600,2015-04-27
764,525,290,Product Manager,Salesforce,Glassdoor,85840,2021-02-06
765,87,349,Data Analyst,"C++, Java",Indeed,65643,2018-08-10
766,966,17,ML Engineer,"Java, AWS, R",Handshake,93068,2019-09-03
767,984,633,Software Engineer,Docker,Company Site,73003,2024-02-27
768,113,928,QA Engineer,"Salesforce, Node.js, Hadoop",Referral,75760,2021-07-26
769,400,314,ML Engineer,"Hadoop, C++",Indeed,75994,2021-02-02
770,505,810,Data Analyst,"Spark, C++, Docker",LinkedIn,120205,2025-01-31
771,601,398,Business Analyst,"Hadoop, Tableau, Spark",Indeed,106013,2023-09-30
772,689,514,Data Engineer,R,Company Site,105384,2023-08-15
773,249,99,Data Analyst,"R, Snowflake, Hadoop",Company Site,89674,2018-01-21
774,492,635,SDET,"Python, Spark, GCP",Referral,104113,2022-05-18
775,213,628,ML Engineer,Salesforce,Indeed,73205,2023-10-03
776,932,297,Data Analyst,C++,Campus Career Fair,81105,2023-07-30
777,943,241,Data Engineer,"Node.js, Snowflake, Python",LinkedIn,88514,2024-09-22
778,656,183,ML Engineer,"Tableau, Node.js",Indeed,75900,2023-01-01
779,580,687,Salesforce Developer,".NET, R, Node.js",Glassdoor,74838,2019-06-27
780,407,208,SDET,Salesforce,Glassdoor,94803,2019-01-05
781,704,705,ML Engineer,"Azure, JavaScript",LinkedIn,71462,2022-11-20
782,462,599,Salesforce Developer,JavaScript,Company Site,87712,2023-03-10
783,398,294,Product Manager,"Salesforce, Spark, Power BI",Handshake,94449,2024-07-06
784,8,526,Salesforce Developer,JavaScript,Glassdoor,63479,2025-06-29
785,494,873,Data Analyst,"Spark, Tableau",Glassdoor,95424,2023-11-14
786,909,318,Security Analyst,"Power BI, R, React",Campus Career Fair,102160,2020-10-17
787,576,460,DevOps Engineer,"R, C++",Company Site,75014,2019-10-08
788,611,603,Business Analyst,"Java, SQL, Power BI",Handshake,66940,2019-05-04
789,816,569,Salesforce Developer,"Spark, JavaScript, Hadoop",Handshake,101371,2021-02-16
790,74,861,Software Engineer,"R, Node.js, Azure",Indeed,99567,2022-11-18
791,886,298,Salesforce Developer,"Java, Power BI, GCP",Glassdoor,87590,2022-09-12
792,550,75,Security Analyst,"JavaScript, .NET",Referral,76685,2021-06-14
793,45,864,Business Analyst,"Salesforce, Tableau, React",Company Site,92818,2016-09-10
794,711,678,Salesforce Developer,Kubernetes,Indeed,97757,2025-11-28
795,154,416,QA Engineer,"Salesforce, GCP, Docker",Company Site,75125,2017-12-27
796,106,409,Security Analyst,"Azure, SQL, Power BI",Glassdoor,69413,2023-01-13
797,824,763,QA Engineer,Power BI,Campus Career Fair,94205,2020-01-30
798,495,838,Product Manager,"React, Snowflake",Company Site,117308,2025-07-08
799,541,616,DevOps Engineer,Snowflake,Campus Career Fair,95601,2023-01-15
800,688,40,SDET,"Hadoop, Azure, R",Glassdoor,100208,2023-12-26
801,138,414,Salesforce Developer,AWS,Company Site,77014,2023-08-15
802,916,234,Software Engineer,"Docker, Spark, .NET",Indeed,91459,2022-03-04
803,391,289,Data Analyst,"GCP, Node.js, Java",Glassdoor,73354,2019-12-29
804,276,595,Software Engineer,"Docker, AWS",Indeed,86610,2020-03-24
805,551,591,ML Engineer,"Salesforce, Tableau",Handshake,113980,2022-08-03
806,910,491,Software Engineer,"R, Python, Node.js",Company Site,91541,2020-07-23
807,656,856,Product Manager,"Tableau, GCP, Node.js",Campus Career Fair,84485,2024-07-18
808,76,788,Software Engineer,"R, Tableau, Kubernetes",Company Site,100944,2023-11-23
809,75,354,Salesforce Developer,"Salesforce, Snowflake, .NET",Company Site,79434,2023-02-04
810,231,525,Data Engineer,"C++, Azure, Hadoop",Campus Career Fair,79593,2020-06-14
811,955,730,Business Analyst,"JavaScript, React, Azure",Glassdoor,64669,2018-11-24
812,992,415,Product Manager,"React, Snowflake",LinkedIn,80891,2023-05-18
813,292,278,Business Analyst,"Python, Java, Hadoop",Handshake,94669,2016-02-12
814,699,708,Data Analyst,"React, SQL, Salesforce",Glassdoor,89350,2021-05-25
815,171,956,Product Manager,"GCP, SQL",Campus Career Fair,66666,2024-02-08
816,126,355,Salesforce Developer,Tableau,Indeed,80947,2024-07-23
817,217,524,Data Engineer,AWS,LinkedIn,67010,2025-07-25
818,257,678,Salesforce Developer,"C++, .NET, Power BI",Company Site,98604,2024-07-04
819,264,651,Data Engineer,"Kubernetes, SQL, Salesforce",Referral,98927,2023-07-20
820,412,113,Salesforce Developer,"Tableau, Java, Hadoop",Glassdoor,107847,2018-03-20
821,74,617,DevOps Engineer,Azure,Company Site,87709,2019-02-13
822,804,404,Data Analyst,AWS,Indeed,91443,2022-06-13
823,559,257,Salesforce Developer,Power BI,Glassdoor,92222,2025-04-03
824,945,696,DevOps Engineer,"React, Java",Handshake,113160,2024-12-28
825,25,53,QA Engineer,"Azure, Power BI, GCP",Indeed,82171,2019-03-29
826,249,773,Data Analyst,Spark,Glassdoor,103666,2022-02-14
827,117,557,Data Engineer,"Java, Hadoop, .NET",Company Site,102428,2018-04-06
828,495,225,Security Analyst,Salesforce,Glassdoor,123846,2025-08-26
829,855,669,Security Analyst,".NET, React, Tableau",Campus Career Fair,68327,2024-06-03
830,563,945,QA Engineer,R,Referral,83198,2024-09-24
831,980,532,Data Analyst,"Azure, React, Spark",Company Site,100916,2021-08-05
832,450,948,Salesforce Developer,"SQL, Salesforce, .NET",Handshake,105225,2023-05-14
833,416,95,ML Engineer,Node.js,Campus Career Fair,81845,2018-02-22
834,400,528,Business Analyst,Snowflake,Glassdoor,65827,2018-06-12
835,743,890,SDET,"Tableau, Hadoop, React",LinkedIn,81624,2022-01-27
836,192,523,DevOps Engineer,"Hadoop, AWS, Azure",Handshake,73048,2019-02-28
837,785,20,Business Analyst,"Tableau, Kubernetes, Python",Company Site,104471,2017-10-06
838,967,953,Security Analyst,SQL,Glassdoor,92029,2023-06-16
839,154,667,Data Analyst,"GCP, Python",Handshake,70322,2017-10-05
840,673,988,Software Engineer,SQL,Glassdoor,74290,2019-01-12
841,826,941,Software Engineer,"JavaScript, GCP, C++",Referral,100333,2025-06-07
842,487,549,Product Manager,".NET, SQL, Hadoop",Campus Career Fair,81807,2023-01-30
843,409,523,ML Engineer,"SQL, GCP",LinkedIn,113259,2023-06-29
844,736,343,ML Engineer,AWS,Handshake,92735,2017-02-08
845,863,281,QA Engineer,"GCP, Tableau, Docker",LinkedIn,99479,2021-05-22
846,169,121,SDET,"Spark, React, Snowflake",Indeed,94532,2025-10-30
847,326,749,Data Analyst,"SQL, Azure, C++",Company Site,103998,2022-01-14
848,359,7,ML Engineer,"JavaScript, Salesforce",Glassdoor,81215,2025-12-30
849,751,401,QA Engineer,C++,Handshake,80611,2025-08-01
850,473,243,Security Analyst,"Java, Tableau, SQL",Handshake,115234,2023-10-29
851,492,568,SDET,Tableau,Company Site,85475,2022-08-18
852,743,527,Software Engineer,"AWS, GCP, Docker",Indeed,110802,2020-12-10
853,857,213,Data Engineer,"React, Azure, Hadoop",Handshake,74340,2025-05-29
854,137,300,Business Analyst,Node.js,Company Site,73925,2022-10-13
855,339,944,Software Engineer,"Tableau, C++, Azure",Indeed,81256,2024-10-10
856,278,498,Software Engineer,"AWS, GCP",Indeed,112536,2023-10-20
857,177,64,QA Engineer,"Azure, SQL",Campus Career Fair,90328,2021-04-07
858,549,287,ML Engineer,"React, JavaScript",Handshake,96599,2020-04-02
859,590,950,Data Engineer,R,LinkedIn,45000,2025-06-03
860,49,154,Software Engineer,"GCP, Azure, Snowflake",Indeed,105916,2024-03-04
861,355,604,Business Analyst,"Node.js, Docker, Power BI",Handshake,102918,2015-10-28
862,850,257,Security Analyst,Kubernetes,Company Site,103884,2024-01-02
863,968,796,Business Analyst,"Docker, Azure",Referral,94535,2024-04-15
864,111,8,ML Engineer,"AWS, .NET, Docker",Glassdoor,112634,2018-10-31
865,64,7,ML Engineer,Power BI,Company Site,121317,2023-05-12
866,986,457,Data Analyst,"R, JavaScript, Java",Referral,105718,2018-07-16
867,646,322,QA Engineer,".NET, Salesforce",Company Site,105639,2023-04-13
868,203,354,DevOps Engineer,Hadoop,Referral,78048,2025-09-27
869,640,390,Software Engineer,"C++, Java",Handshake,67801,2024-05-25
870,314,719,Data Analyst,"Docker, Kubernetes, .NET",Indeed,125345,2024-08-20
871,226,755,Data Analyst,"Kubernetes, GCP, JavaScript",Company Site,103475,2024-03-18
872,721,908,QA Engineer,JavaScript,Indeed,84595,2025-01-09
873,573,801,Data Analyst,React,LinkedIn,98388,2021-08-25
874,804,284,Data Analyst,Power BI,Glassdoor,103676,2021-05-15
875,168,18,Security Analyst,"Java, C++",Referral,73913,2019-02-16
876,287,939,DevOps Engineer,"Hadoop, Python, Kubernetes",Handshake,101423,2017-05-12
877,724,378,Software Engineer,Docker,LinkedIn,105284,2024-09-24
878,542,352,Security Analyst,Docker,Referral,94077,2017-07-23
879,621,788,Data Engineer,"Python, SQL, Power BI",Indeed,96262,2020-01-22
880,702,805,QA Engineer,"Python, R",Company Site,70570,2023-07-18
881,671,715,Business Analyst,Tableau,Glassdoor,88829,2023-11-29
882,351,956,DevOps Engineer,"JavaScript, .NET, React",LinkedIn,108395,2023-06-12
883,51,716,Data Engineer,React,Company Site,124432,2025-08-13
884,196,7,SDET,.NET,Company Site,113213,2020-07-05
885,718,750,Product Manager,"Tableau, Snowflake, Kubernetes",Campus Career Fair,123745,2025-02-01
886,192,742,Product Manager,"SQL, R, Tableau",LinkedIn,85321,2023-11-17
887,519,875,Data Engineer,"Kubernetes, Hadoop",Company Site,90172,2025-09-29
888,158,826,Data Analyst,React,LinkedIn,94510,2023-01-02
889,12,384,Salesforce Developer,React,Company Site,80009,2022-10-22
890,793,454,SDET,"Salesforce, SQL",Referral,102193,2021-12-08
891,99,357,SDET,React,Indeed,83391,2023-10-05
892,47,970,SDET,"Kubernetes, JavaScript",Company Site,93240,2015-10-05
893,460,289,SDET,"R, Azure, SQL",Glassdoor,45886,2025-07-03
894,452,904,Security Analyst,"Node.js, Power BI",Referral,86146,2021-11-27
895,203,908,QA Engineer,Snowflake,Indeed,96664,2022-10-04
896,948,656,QA Engineer,"Python, Salesforce",Glassdoor,70131,2024-02-01
897,437,237,Salesforce Developer,"Python, Kubernetes",Referral,128290,2022-07-12
898,500,33,Data Analyst,"Kubernetes, Docker",Referral,88817,2020-03-20
899,66,411,Salesforce Developer,"Salesforce, Snowflake, .NET",Handshake,102863,2018-09-19
900,19,465,SDET,"Spark, Power BI",Indeed,121716,2023-11-23
901,439,773,SDET,Tableau,Campus Career Fair,110458,2024-12-14
902,749,188,SDET,Hadoop,Company Site,97680,2019-10-02
903,32,330,Data Engineer,".NET, JavaScript",Referral,114153,2020-08-22
904,554,297,Product Manager,Node.js,LinkedIn,100568,2024-12-29
905,340,38,Software Engineer,Node.js,Campus Career Fair,57726,2021-06-17
906,101,776,Data Engineer,"Power BI, .NET",Referral,93418,2025-05-28
907,637,651,Business Analyst,"SQL, GCP, JavaScript",Campus Career Fair,103710,2025-07-04
908,282,490,Security Analyst,"Power BI, GCP, Hadoop",Glassdoor,120858,2023-12-15
909,587,70,Security Analyst,"Node.js, Snowflake, AWS",Glassdoor,86176,2019-01-30
910,534,850,ML Engineer,SQL,Company Site,129405,2025-12-15
911,680,900,Product Manager,"C++, GCP",Referral,109131,2025-07-29
912,623,450,Security Analyst,"AWS, Java",Glassdoor,73189,2023-11-27
913,492,139,Salesforce Developer,"SQL, Snowflake",LinkedIn,106166,2023-07-27
914,261,663,Business Analyst,"Snowflake, Kubernetes, React",Campus Career Fair,99395,2023-04-25
915,208,801,ML Engineer,".NET, SQL, Salesforce",Campus Career Fair,89509,2023-12-24
916,137,477,DevOps Engineer,Java,Referral,141515,2021-08-10
917,640,710,Software Engineer,"Java, Hadoop, React",Glassdoor,72437,2023-10-29
918,943,326,Product Manager,"Java, Snowflake",Indeed,114982,2024-08-29
919,407,654,Data Engineer,Power BI,Company Site,93048,2020-07-21
920,496,200,SDET,"Docker, Kubernetes, C++",Referral,85498,2019-09-20
921,369,351,Security Analyst,"Snowflake, Java",Glassdoor,77936,2025-05-14
922,967,569,Software Engineer,"JavaScript, Node.js, AWS",Company Site,98858,2025-07-06
923,474,855,Data Engineer,GCP,Indeed,91762,2024-02-11
924,244,731,Security Analyst,"Java, Python, Spark",Company Site,74073,2018-01-01
925,888,234,DevOps Engineer,"Kubernetes, Power BI, AWS",LinkedIn,108881,2021-09-25
926,829,98,Salesforce Developer,"React, Salesforce, AWS",Indeed,63805,2023-07-23
927,62,653,QA Engineer,"Spark, GCP, Snowflake",Handshake,94720,2019-06-14
928,380,326,SDET,Java,Indeed,51230,2017-08-17
929,457,462,Product Manager,"GCP, Salesforce",LinkedIn,75954,2024-09-15
930,610,325,QA Engineer,"Salesforce, GCP",LinkedIn,94940,2021-02-25
931,540,914,Software Engineer,"JavaScript, Snowflake",Glassdoor,68909,2022-11-14
932,109,199,Product Manager,"Tableau, .NET",Indeed,98765,2023-08-20
933,96,28,Business Analyst,GCP,Company Site,90363,2025-11-02
934,366,220,DevOps Engineer,Tableau,Handshake,111666,2025-07-26
935,54,230,Salesforce Developer,Hadoop,Indeed,57035,2023-04-03
936,488,953,Security Analyst,Java,Referral,94942,2021-11-02
937,619,722,Data Analyst,"Tableau, Salesforce, Spark",Company Site,76191,2024-04-30
938,544,268,SDET,"SQL, GCP",Glassdoor,76352,2025-02-23
939,99,109,SDET,Kubernetes,Campus Career Fair,103436,2025-09-25
940,772,737,Salesforce Developer,.NET,LinkedIn,104163,2025-11-01
941,576,447,Data Engineer,Node.js,Company Site,94097,2019-10-30
942,821,502,Product Manager,"SQL, Node.js, Snowflake",Referral,121096,2025-06-21
943,763,854,Business Analyst,"Docker, Kubernetes, Hadoop",Campus Career Fair,126101,2021-07-22
944,931,28,Software Engineer,Java,Glassdoor,66492,2024-01-02
945,18,829,Product Manager,"Spark, .NET, JavaScript",Indeed,106791,2024-07-18
946,945,440,ML Engineer,"Salesforce, Java, Spark",LinkedIn,121877,2024-12-24
947,25,748,Data Engineer,"Spark, Power BI, JavaScript",Indeed,94223,2020-08-11
948,416,82,QA Engineer,AWS,LinkedIn,83510,2018-06-03
949,6,276,Salesforce Developer,Power BI,LinkedIn,101293,2022-09-02
950,915,779,SDET,"Python, JavaScript, Tableau",Company Site,88291,2025-07-10
951,990,856,QA Engineer,"Salesforce, Kubernetes, Docker",Company Site,79608,2023-06-08
952,214,27,Data Analyst,"Snowflake, AWS, Docker",Indeed,102870,2024-09-20
953,673,486,Security Analyst,"Snowflake, Power BI, AWS",Handshake,113610,2019-11-16
954,66,972,ML Engineer,"GCP, Python, Node.js",Campus Career Fair,98752,2025-08-07
955,354,180,Salesforce Developer,"Power BI, Spark, Hadoop",Referral,93523,2021-09-08
956,465,652,Security Analyst,"SQL, Azure, Snowflake",Referral,89978,2025-08-13
957,382,187,ML Engineer,"Tableau, .NET",LinkedIn,105613,2024-12-11
958,479,396,Product Manager,"Salesforce, Hadoop, .NET",Glassdoor,136507,2018-10-28
959,157,451,Product Manager,Snowflake,Indeed,138318,2024-04-08
960,261,285,QA Engineer,Java,Handshake,117050,2022-10-17
961,649,741,Business Analyst,"Azure, Snowflake",Indeed,74635,2025-07-18
962,228,388,Data Engineer,Power BI,Campus Career Fair,95373,2021-08-03
963,107,966,ML Engineer,Azure,Campus Career Fair,65516,2024-07-03
964,951,75,Data Analyst,"C++, JavaScript, Node.js",LinkedIn,120348,2025-07-30
965,999,322,DevOps Engineer,"Power BI, .NET",Handshake,90154,2018-09-01
966,561,529,Software Engineer,"R, .NET, Node.js",LinkedIn,69907,2025-06-21
967,447,428,Software Engineer,"Kubernetes, .NET",Company Site,108449,2020-12-26
968,496,65,DevOps Engineer,React,Referral,93148,2020-10-03
969,98,865,Security Analyst,GCP,Referral,89678,2024-04-13
970,480,681,Data Analyst,"Kubernetes, Spark",Company Site,123205,2024-05-13
971,286,264,ML Engineer,"Snowflake, Azure, AWS",Company Site,71464,2024-05-16
972,942,272,QA Engineer,Java,Handshake,104965,2025-10-06
973,304,288,Business Analyst,"Azure, Hadoop",Indeed,88679,2024-03-04
974,958,430,ML Engineer,"JavaScript, Power BI, AWS",Handshake,69746,2020-05-10
975,771,156,Salesforce Developer,"GCP, Kubernetes, Spark",Company Site,91963,2022-12-02
976,410,729,Software Engineer,Tableau,LinkedIn,68965,2018-04-09
977,350,5,Data Analyst,"Power BI, Snowflake",Indeed,86110,2022-04-26
978,338,793,QA Engineer,"R, Hadoop, SQL",Handshake,93817,2021-11-08
979,658,726,Security Analyst,"GCP, Java",Glassdoor,87922,2016-08-17
980,238,411,Salesforce Developer,"JavaScript, C++",LinkedIn,79254,2017-09-06
981,152,659,Software Engineer,Salesforce,LinkedIn,71014,2017-06-01
982,285,804,Security Analyst,"Power BI, AWS",Campus Career Fair,116344,2024-10-16
983,44,928,QA Engineer,"Azure, GCP",Company Site,93734,2022-01-14
984,988,407,Salesforce Developer,"Python, Kubernetes",Glassdoor,117637,2016-06-05
985,437,52,Data Analyst,"Tableau, AWS, Python",Indeed,71522,2022-09-28
986,330,181,Security Analyst,"Spark, Salesforce",Company Site,81611,2025-12-24
987,107,534,QA Engineer,Tableau,Campus Career Fair,88009,2019-05-10
988,126,644,DevOps Engineer,"Kubernetes, R, SQL",Referral,79339,2025-08-05
989,483,398,Security Analyst,"Java, .NET, Hadoop",Referral,97042,2017-06-29
990,384,79,QA Engineer,"GCP, React",Company Site,74599,2020-01-12
991,496,236,Security Analyst,".NET, Tableau, React",Company Site,101851,2021-10-17
992,956,913,Security Analyst,Power BI,Company Site,90718,2023-06-22
993,329,966,Data Analyst,JavaScript,Handshake,68773,2024-01-22
994,259,946,Software Engineer,R,Referral,82974,2018-04-21
995,375,608,SDET,"Docker, Salesforce",Handshake,114712,2025-11-03
996,593,939,DevOps Engineer,SQL,Glassdoor,96753,2025-03-08
997,513,397,Product Manager,"Tableau, Salesforce",Referral,70775,2022-03-27
998,307,733,DevOps Engineer,"AWS, React, Hadoop",Glassdoor,89414,2018-09-22
999,952,957,SDET,React,Company Site,120461,2025-07-21
1000,791,232,Product Manager,Docker,Indeed,94385,2024-10-20
